
--Tên môn học nvarchar
CREATE DATABASE TEAM3KTPM
USE TEAM3KTPM
GO 
DROP DATABASE TEAM3KTPM
CREATE TABLE GIANGVIEN(
MATKHAU VARCHAR(30),
VAITRO NVARCHAR(20),
ANH IMAGE,
NUMORDER INT IDENTITY(1,1),
MAGV AS ('gv'+CONVERT([varchar](10),[NUMORDER])) PERSISTED NOT NULL,
HOTEN NVARCHAR(20),
GIOITINH INT,
NGAYSINH DATE,
EMAIL VARCHAR(30),
SDT VARCHAR(15),
DIACHI NVARCHAR(50),
NGAYVAOLAM DATE,
PRIMARY KEY (MAGV)
);

CREATE TABLE CANBO(
MATKHAU VARCHAR(30),
VAITRO NVARCHAR(20),
NUMORDER INT IDENTITY(1,1),
MACB AS ('cb'+CONVERT([varchar](10),[NUMORDER])) PERSISTED NOT NULL,
HOTEN NVARCHAR(20),
GIOITINH INT,
NGAYSINH DATE,
EMAIL VARCHAR(30),
SDT VARCHAR(15),
DIACHI NVARCHAR(50),
PRIMARY KEY (MACB)
);

CREATE TABLE SINHVIEN(
MATKHAU VARCHAR(30),
VAITRO NVARCHAR(20),
ANH IMAGE,
NUMORDER INT IDENTITY(1,1),
MASV AS ('sv'+CONVERT([varchar](10),[NUMORDER])) PERSISTED NOT NULL,
HOTEN NVARCHAR(30),
GIOITINH INT,
NGAYSINH DATE,
EMAIL VARCHAR(30),
SDT VARCHAR(15),
DIACHI NVARCHAR(50),
TRANGTHAI NVARCHAR(20),
NIENKHOA INT,
MACHUYENNGANH VARCHAR(10) REFERENCES CHUYENNGANH (MACHUYENNGANH),
NGAYNHAPHOC DATE,
PRIMARY KEY (MASV)
);

CREATE TABLE MONHOC(
NUMORDER INT IDENTITY(1,1),
MAMONHOC VARCHAR(10),
MACHUYENNGANH VARCHAR(10) REFERENCES CHUYENNGANH (MACHUYENNGANH),
MALOPHOC VARCHAR(10) REFERENCES LOPHOC (MALOPHOC),
TENMONHOC NVARCHAR(30),
SOTINCHI INT,
NAM INT,
MUA VARCHAR(10),
PRIMARY KEY (MAMONHOC)
);

CREATE TABLE LOPHOC(
MALOPHOC VARCHAR(10),
MACHUYENNGANH VARCHAR(10) REFERENCES CHUYENNGANH(MACHUYENNGANH),
TENLOPHOC VARCHAR(20),
NAM int,
MUA varchar(10),
PRIMARY KEY (MALOPHOC)
); 

CREATE TABLE CHUYENNGANH(
MACHUYENNGANH VARCHAR(10),
TENCHUYENNGANH NVARCHAR(30),
COSO NVARCHAR(10),
THOIGIANDAOTAO INT,
PRIMARY KEY (MACHUYENNGANH)
);

CREATE TABLE LICH(
MASV VARCHAR(12) REFERENCES SINHVIEN (MASV),
MAMONHOC VARCHAR(10) REFERENCES MONHOC (MAMONHOC),
MALOPHOC VARCHAR(10) REFERENCES LOPHOC (MALOPHOC),
MAPHONGHOC VARCHAR(10) REFERENCES PHONGHOC (MAPHONGHOC),
MAGIANGVIEN VARCHAR(12) REFERENCES GIANGVIEN (MAGV),
MACHUYENNGANH VARCHAR(10) REFERENCES CHUYENNGANH (MACHUYENNGANH),
NAM INT,
MUA VARCHAR(10),
NGAYHOC DATE,
THOIGIAN VARCHAR(30),
LOAILICH NVARCHAR(30),
PRIMARY KEY (MASV, MAMONHOC, MALOPHOC, MAPHONGHOC, MAGIANGVIEN, MACHUYENNGANH, NAM, MUA)
)

CREATE TABLE PHONGHOC(
MAPHONGHOC VARCHAR(10),
TENPHONGHOC NVARCHAR(30),
TOANHA NVARCHAR(20),
PRIMARY KEY (MAPHONGHOC)
)

CREATE TABLE HOADON(
NUMORDER INT IDENTITY(1,1),
MAHD AS ('HD'+CONVERT([varchar](10),[NUMORDER])) PERSISTED NOT NULL,
MAVI UNIQUEIDENTIFIER REFERENCES VIHOCPHI (MAVI),
MASV VARCHAR(12) REFERENCES SINHVIEN (MASV),
SOTIEN MONEY,
NGAYGD DATE,
GIOGD TIME,
CHUTHICH NVARCHAR(50),
PRIMARY KEY (MAHD)
);

CREATE TABLE VIHOCPHI(
NUMORDER INT IDENTITY(1,1),
MAVI uniqueidentifier,
MASV VARCHAR(12) REFERENCES SINHVIEN (MASV),
SODUHOCPHI MONEY,
PRIMARY KEY (MAVI)
);

CREATE TABLE DIEMTHANHPHAN(
MASV VARCHAR(12) REFERENCES SINHVIEN (MASV),
MAMONHOC VARCHAR(10) REFERENCES MONHOC (MAMONHOC),
MACHUYENNGANH VARCHAR(10) REFERENCES CHUYENNGANH (MACHUYENNGANH),
MALOPHOC VARCHAR(10) REFERENCES LOPHOC (MALOPHOC),
NAM INT,
MUA NVARCHAR(20),
LAB1 FLOAT,
LAB2 FLOAT,
LAB3 FLOAT,
LAB4 FLOAT,
ASSIGNMENT FLOAT,
DIEMTHI FLOAT,
PRIMARY KEY (MASV, MAMONHOC, MACHUYENNGANH, MALOPHOC, NAM, MUA)
);

CREATE TABLE DICHVU(
MADV VARCHAR(10),
TENDV NVARCHAR(30),
PHONGBANPHUTRACH NVARCHAR(30),
MOTA NVARCHAR(50),
PRIMARY KEY (MADV)
)

CREATE TABLE DICHVUSVDADANGKY(
MADV VARCHAR(10) REFERENCES DICHVU (MADV),
MASV VARCHAR(12) REFERENCES SINHVIEN (MASV),
NGAYDK DATE,
NOIDUNG NVARCHAR(50),
TRANGTHAI NVARCHAR(30),
PRIMARY KEY (MADV)
)

SELECT * FROM dbo.CANBO
INSERT INTO CANBO (MATKHAU, VAITRO, HOTEN, GIOITINH, NGAYSINH, EMAIL, SDT, DIACHI)
VALUES ('88888888', N'Cán bộ', N'Nguyễn Phúc Lộc', 1, '1997-01-01', 'nguyenloc97@gmail.com', '0999999999', N'Quảng Ninh')
INSERT INTO CANBO (MATKHAU, VAITRO, HOTEN, GIOITINH, NGAYSINH, EMAIL, SDT, DIACHI)
VALUES ('88888888', N'Cán bộ', N'Nguyễn Tuấn Việt', 1, '2002-01-01', 'nguyenviet02@gmail.com', '0666666666', N'Quảng Ninh')
INSERT INTO CANBO (MATKHAU, VAITRO, HOTEN, GIOITINH, NGAYSINH, EMAIL, SDT, DIACHI)
VALUES ('88888888', N'Cán bộ', N'Nguyễn Văn Sáng', 1, '1997-01-01', 'nguyensang97@gmail.com', '0888888888', N'Thanh Hóa')
DROP TABLE dbo.CANBO

SELECT * FROM dbo.GIANGVIEN
INSERT INTO GIANGVIEN (MATKHAU, VAITRO, ANH, HOTEN, GIOITINH, NGAYSINH, EMAIL, SDT, DIACHI, NGAYVAOLAM)
SELECT '88888888', N'Giảng viên', BulkColumn, N'Vũ Thị Kim Thư', 0, '2003-01-01', 'thuvtk3@fpt.edu.com', '0388888888', N'Hà Nội', '2022-01-01'
FROM OPENROWSET(BULK N'D:\Ki_4\Ki_thuat_phan_mem\anhgv\gvthu.jpg', SINGLE_BLOB) AS img;
--
INSERT INTO GIANGVIEN (MATKHAU, VAITRO, ANH, HOTEN, GIOITINH, NGAYSINH, EMAIL, SDT, DIACHI, NGAYVAOLAM)
SELECT '88888888', N'Giảng viên', BulkColumn, N'Nguyễn Anh Dũng', 1, '1993-01-01', 'dungna11@fpt.edu.com', '0377777777', N'Hưng Yên', '2019-01-15'
FROM OPENROWSET(BULK N'D:\Ki_4\Ki_thuat_phan_mem\anhgv\gvdung.png', SINGLE_BLOB) AS img;
--
INSERT INTO GIANGVIEN (MATKHAU, VAITRO, ANH, HOTEN, GIOITINH, NGAYSINH, EMAIL, SDT, DIACHI, NGAYVAOLAM)
SELECT '88888888', N'Giảng viên', BulkColumn, N'Nguyễn Khánh Huyền', 0, '1998-02-02', 'huyennk9@fpt.edu.com', '0366666666', N'Hà Nội', '2020-03-11'
FROM OPENROWSET(BULK N'D:\Ki_4\Ki_thuat_phan_mem\anhgv\gvhuyen.png', SINGLE_BLOB) AS img;
--
INSERT INTO GIANGVIEN (MATKHAU, VAITRO, ANH, HOTEN, GIOITINH, NGAYSINH, EMAIL, SDT, DIACHI, NGAYVAOLAM)
SELECT '88888888', N'Giảng viên', BulkColumn, N'Đỗ Bảo Linh', 1, '1997-05-05', 'linhdb9@fpt.edu.com', '0355555555', N'Nam Định', '2019-06-08'
FROM OPENROWSET(BULK N'D:\Ki_4\Ki_thuat_phan_mem\anhgv\gvthu.jpg', SINGLE_BLOB) AS img;
--
INSERT INTO GIANGVIEN (MATKHAU, VAITRO, ANH, HOTEN, GIOITINH, NGAYSINH, EMAIL, SDT, DIACHI, NGAYVAOLAM)
SELECT '88888888', N'Giảng viên', BulkColumn, N'Vũ Văn Nguyên', 1, '1998-10-10', 'nguyenvv3@fpt.edu.com', '0333333333', N'Ninh Bình', '2021-11-11'
FROM OPENROWSET(BULK N'D:\Ki_4\Ki_thuat_phan_mem\anhgv\gvnguyen.jpg', SINGLE_BLOB) AS img;
--

SELECT * FROM dbo.CHUYENNGANH
INSERT INTO CHUYENNGANH (MACHUYENNGANH, TENCHUYENNGANH, COSO, THOIGIANDAOTAO)
VALUES ('PTPM', N'Phát triển phần mềm', N'TVB', 3)
INSERT INTO CHUYENNGANH (MACHUYENNGANH, TENCHUYENNGANH, COSO, THOIGIANDAOTAO)
VALUES ('TDH', N'Tự động hóa', N'TVB', 2)
INSERT INTO CHUYENNGANH (MACHUYENNGANH, TENCHUYENNGANH, COSO, THOIGIANDAOTAO)
VALUES ('LTW', N'Lập trình web', N'TVB', 3)

--
SELECT * FROM LOPHOC
INSERT INTO LOPHOC (MALOPHOC, MACHUYENNGANH, TENLOPHOC, NAM, MUA)
VALUES ('LH01', 'PTPM', 'IT18201', 2023, 'Summer')
INSERT INTO LOPHOC (MALOPHOC, MACHUYENNGANH, TENLOPHOC, NAM, MUA)
VALUES ('LH02', 'PTPM', 'IT18202', 2023, 'Summer')
INSERT INTO LOPHOC (MALOPHOC, MACHUYENNGANH, TENLOPHOC, NAM, MUA)
VALUES ('LH03', 'PTPM', 'IT18203', 2023, 'Summer')
--
INSERT INTO LOPHOC (MALOPHOC, MACHUYENNGANH, TENLOPHOC, NAM, MUA)
VALUES ('LH04', 'LTW', 'IT18201', 2023, 'Summer')
INSERT INTO LOPHOC (MALOPHOC, MACHUYENNGANH, TENLOPHOC, NAM, MUA)
VALUES ('LH05', 'LTW', 'IT18202', 2023, 'Summer')
INSERT INTO LOPHOC (MALOPHOC, MACHUYENNGANH, TENLOPHOC, NAM, MUA)
VALUES ('LH06', 'LTW', 'IT18203', 2023, 'Summer')
--
INSERT INTO LOPHOC (MALOPHOC, MACHUYENNGANH, TENLOPHOC, NAM, MUA)
VALUES ('LH07', 'TDH', 'IT18201', 2023, 'Summer')
INSERT INTO LOPHOC (MALOPHOC, MACHUYENNGANH, TENLOPHOC, NAM, MUA)
VALUES ('LH08', 'TDH', 'IT18202', 2023, 'Summer')
INSERT INTO LOPHOC (MALOPHOC, MACHUYENNGANH, TENLOPHOC, NAM, MUA)
VALUES ('LH09', 'TDH', 'IT18203', 2023, 'Summer')
--

SELECT * FROM dbo.MONHOC
INSERT INTO MONHOC (MAMONHOC, MACHUYENNGANH, MALOPHOC, TENMONHOC, SOTINCHI, NAM, MUA)
VALUES ('MH01', 'PTPM', 'LH03', N'Nhập môn kĩ thuật phần mềm', 3, 2023, 'Summer')
INSERT INTO MONHOC (MAMONHOC, MACHUYENNGANH, MALOPHOC, TENMONHOC, SOTINCHI, NAM, MUA)
VALUES ('MH02', 'PTPM', 'LH02', N'Lập trình Java', 4, 2023, 'Summer')
INSERT INTO MONHOC (MAMONHOC, MACHUYENNGANH, MALOPHOC, TENMONHOC, SOTINCHI, NAM, MUA)
VALUES ('MH03', 'PTPM', 'LH01', N'Nhập môn lập trình', 3, 2023, 'Summer')
--
INSERT INTO MONHOC (MAMONHOC, MACHUYENNGANH, MALOPHOC, TENMONHOC, SOTINCHI, NAM, MUA)
VALUES ('MH04', 'TDH', 'LH06', N'Nhập môn CNKT điều khiển', 3, 2023, 'Summer')
INSERT INTO MONHOC (MAMONHOC, MACHUYENNGANH, MALOPHOC, TENMONHOC, SOTINCHI, NAM, MUA)
VALUES ('MH05', 'TDH', 'LH05', N'Kĩ thuật lập trình', 4, 2023, 'Summer')
INSERT INTO MONHOC (MAMONHOC, MACHUYENNGANH, MALOPHOC, TENMONHOC, SOTINCHI, NAM, MUA)
VALUES ('MH06', 'TDH', 'LH04', N'Vi điều khiển', 3, 2023, 'Summer')
--
INSERT INTO MONHOC (MAMONHOC, MACHUYENNGANH, MALOPHOC, TENMONHOC, SOTINCHI, NAM, MUA)
VALUES ('MH07', 'LTW', 'LH09', N'Thiết kế Web với HTMT5 & CSS3', 3, 2023, 'Summer')
INSERT INTO MONHOC (MAMONHOC, MACHUYENNGANH, MALOPHOC, TENMONHOC, SOTINCHI, NAM, MUA)
VALUES ('MH08', 'LTW', 'LH08', N'Front-End Frameworks', 4, 2023, 'Summer')
INSERT INTO MONHOC (MAMONHOC, MACHUYENNGANH, MALOPHOC, TENMONHOC, SOTINCHI, NAM, MUA)
VALUES ('MH09', 'LTW', 'LH07', N'Lập trình PHP', 3, 2023, 'Summer')

--
SELECT * FROM dbo.SINHVIEN
INSERT INTO SINHVIEN (MATKHAU, VAITRO, ANH, HOTEN, GIOITINH, NGAYSINH, EMAIL, SDT, DIACHI, TRANGTHAI, NIENKHOA, MACHUYENNGANH, NGAYNHAPHOC)
SELECT '88888888', N'Sinh viên', BulkColumn, N'Nguyễn Văn Tuấn', 1, '2003-01-01', 'tuannv001@fpt.edu.com', '0332432343', N'Nghệ An', N'Học đi', 2022, 'PTPM', '2022-05-12'
FROM OPENROWSET(BULK N'D:\Ki_4\Ki_thuat_phan_mem\anh\mess4.png', SINGLE_BLOB) AS img;

INSERT INTO SINHVIEN (MATKHAU, VAITRO, ANH, HOTEN, GIOITINH, NGAYSINH, EMAIL, SDT, DIACHI, TRANGTHAI, NIENKHOA, MACHUYENNGANH, NGAYNHAPHOC)
SELECT '88888888', N'Sinh viên', BulkColumn, N'Nguyễn Thị linh', 0, '2002-05-01', 'linhnt002@fpt.edu.com', '0456867453', N'Hưng Yên', N'Học đi', 2022, 'PTPM', '2022-09-12'
FROM OPENROWSET(BULK N'D:\Ki_4\Ki_thuat_phan_mem\anh\mess4.png', SINGLE_BLOB) AS img;

INSERT INTO SINHVIEN (MATKHAU, VAITRO, ANH, HOTEN, GIOITINH, NGAYSINH, EMAIL, SDT, DIACHI, TRANGTHAI, NIENKHOA, MACHUYENNGANH, NGAYNHAPHOC)
SELECT '88888888', N'Sinh viên', BulkColumn, N'Trần Tuấn Vinh', 1, '1998-01-01', 'vinhntt003@fpt.edu.com', '0337459568', N'Thanh Hóa', N'Học đi', 2022, 'PTPM', '2022-05-12'
FROM OPENROWSET(BULK N'D:\Ki_4\Ki_thuat_phan_mem\anh\mess4.png', SINGLE_BLOB) AS img;

INSERT INTO SINHVIEN (MATKHAU, VAITRO, ANH, HOTEN, GIOITINH, NGAYSINH, EMAIL, SDT, DIACHI, TRANGTHAI, NIENKHOA, MACHUYENNGANH, NGAYNHAPHOC)
SELECT '88888888', N'Sinh viên', BulkColumn, N'Lê Tuấn Anh', 1, '2003-11-11', 'tanhlt004@fpt.edu.com', '0332432343', N'Hà Nội', N'Học đi', 2022, 'PTPM', '2022-06-16'
FROM OPENROWSET(BULK N'D:\Ki_4\Ki_thuat_phan_mem\anh\mess4.png', SINGLE_BLOB) AS img;

INSERT INTO SINHVIEN (MATKHAU, VAITRO, ANH, HOTEN, GIOITINH, NGAYSINH, EMAIL, SDT, DIACHI, TRANGTHAI, NIENKHOA, MACHUYENNGANH, NGAYNHAPHOC)
SELECT '88888888', N'Sinh viên', BulkColumn, N'Phạm Thị Hương', 0, '2000-05-01', 'huongpt005@fpt.edu.com', '0454563443', N'Hà Nội', N'Học đi', 2022, 'PTPM', '2022-03-12'
FROM OPENROWSET(BULK N'D:\Ki_4\Ki_thuat_phan_mem\anh\mess4.png', SINGLE_BLOB) AS img;

INSERT INTO SINHVIEN (MATKHAU, VAITRO, ANH, HOTEN, GIOITINH, NGAYSINH, EMAIL, SDT, DIACHI, TRANGTHAI, NIENKHOA, MACHUYENNGANH, NGAYNHAPHOC)
SELECT '88888888', N'Sinh viên', BulkColumn, N'Phạm Văn Dương', 1, '1999-11-01', 'duongpv006@fpt.edu.com', '0374563468', N'Thanh Hóa', N'Học đi', 2022, 'PTPM', '2022-05-12'
FROM OPENROWSET(BULK N'D:\Ki_4\Ki_thuat_phan_mem\anh\mess4.png', SINGLE_BLOB) AS img;

INSERT INTO SINHVIEN (MATKHAU, VAITRO, ANH, HOTEN, GIOITINH, NGAYSINH, EMAIL, SDT, DIACHI, TRANGTHAI, NIENKHOA, MACHUYENNGANH, NGAYNHAPHOC)
SELECT '88888888', N'Sinh viên', BulkColumn, N'Lê Văn Hải', 1, '1996-04-04', 'hailv007@fpt.edu.com', '0332764534', N'Quảng Ninh', N'Học đi', 2022, 'PTPM', '2022-05-12'
FROM OPENROWSET(BULK N'D:\Ki_4\Ki_thuat_phan_mem\anh\mess4.png', SINGLE_BLOB) AS img;

INSERT INTO SINHVIEN (MATKHAU, VAITRO, ANH, HOTEN, GIOITINH, NGAYSINH, EMAIL, SDT, DIACHI, TRANGTHAI, NIENKHOA, MACHUYENNGANH, NGAYNHAPHOC)
SELECT '88888888', N'Sinh viên', BulkColumn, N'Phạm Thị Trang', 0, '2002-05-01', 'trangpt008@fpt.edu.com', '0357456456', N'Phú Thọ', N'Học đi', 2022, 'PTPM', '2022-09-12'
FROM OPENROWSET(BULK N'D:\Ki_4\Ki_thuat_phan_mem\anh\mess4.png', SINGLE_BLOB) AS img;

INSERT INTO SINHVIEN (MATKHAU, VAITRO, ANH, HOTEN, GIOITINH, NGAYSINH, EMAIL, SDT, DIACHI, TRANGTHAI, NIENKHOA, MACHUYENNGANH, NGAYNHAPHOC)
SELECT '88888888', N'Sinh viên', BulkColumn, N'Nguyễn Văn Duy', 1, '2006-01-01', 'duynv009@fpt.edu.com', '0333463464', N'Hà Nội', N'Học đi', 2022, 'PTPM', '2022-05-12'
FROM OPENROWSET(BULK N'D:\Ki_4\Ki_thuat_phan_mem\anh\mess4.png', SINGLE_BLOB) AS img;

INSERT INTO SINHVIEN (MATKHAU, VAITRO, ANH, HOTEN, GIOITINH, NGAYSINH, EMAIL, SDT, DIACHI, TRANGTHAI, NIENKHOA, MACHUYENNGANH, NGAYNHAPHOC)
SELECT '88888888', N'Sinh viên', BulkColumn, N'Hoàng Văn Nam', 1, '2000-01-01', 'namnv010@fpt.edu.com', '0337459568', N'Nam Định', N'Học đi', 2022, 'PTPM', '2022-05-12'
FROM OPENROWSET(BULK N'D:\Ki_4\Ki_thuat_phan_mem\anh\mess4.png', SINGLE_BLOB) AS img;
--
INSERT INTO SINHVIEN (MATKHAU, VAITRO, ANH, HOTEN, GIOITINH, NGAYSINH, EMAIL, SDT, DIACHI, TRANGTHAI, NIENKHOA, MACHUYENNGANH, NGAYNHAPHOC)
SELECT '88888888', N'Sinh viên', BulkColumn, N'Phạm Thùy Trinh', 0, '2001-04-01', 'trinhpt011@fpt.edu.com', '0332999343', N'Hà Nội', N'Học đi', 2022, 'PTPM', '2022-05-12'
FROM OPENROWSET(BULK N'D:\Ki_4\Ki_thuat_phan_mem\anh\mess4.png', SINGLE_BLOB) AS img;

INSERT INTO SINHVIEN (MATKHAU, VAITRO, ANH, HOTEN, GIOITINH, NGAYSINH, EMAIL, SDT, DIACHI, TRANGTHAI, NIENKHOA, MACHUYENNGANH, NGAYNHAPHOC)
SELECT '88888888', N'Sinh viên', BulkColumn, N'Bùi Gia Khiêm', 1, '2000-08-01', 'khiembg012@fpt.edu.com', '0456899993', N'Hưng Yên', N'Học đi', 2022, 'PTPM', '2022-09-12'
FROM OPENROWSET(BULK N'D:\Ki_4\Ki_thuat_phan_mem\anh\mess4.png', SINGLE_BLOB) AS img;

INSERT INTO SINHVIEN (MATKHAU, VAITRO, ANH, HOTEN, GIOITINH, NGAYSINH, EMAIL, SDT, DIACHI, TRANGTHAI, NIENKHOA, MACHUYENNGANH, NGAYNHAPHOC)
SELECT '88888888', N'Sinh viên', BulkColumn, N'Nguyễn Hoàng Hải', 1, '1996-04-23', 'hainh013@fpt.edu.com', '0355555568', N'Hà Nội', N'Học đi', 2022, 'PTPM', '2022-05-12'
FROM OPENROWSET(BULK N'D:\Ki_4\Ki_thuat_phan_mem\anh\mess4.png', SINGLE_BLOB) AS img;

INSERT INTO SINHVIEN (MATKHAU, VAITRO, ANH, HOTEN, GIOITINH, NGAYSINH, EMAIL, SDT, DIACHI, TRANGTHAI, NIENKHOA, MACHUYENNGANH, NGAYNHAPHOC)
SELECT '88888888', N'Sinh viên', BulkColumn, N'Bùi Văn Hùng', 1, '2001-11-11', 'hungbv014@fpt.edu.com', '0344442343', N'Hà Nội', N'Học đi', 2022, 'PTPM', '2022-05-12'
FROM OPENROWSET(BULK N'D:\Ki_4\Ki_thuat_phan_mem\anh\mess4.png', SINGLE_BLOB) AS img;

INSERT INTO SINHVIEN (MATKHAU, VAITRO, ANH, HOTEN, GIOITINH, NGAYSINH, EMAIL, SDT, DIACHI, TRANGTHAI, NIENKHOA, MACHUYENNGANH, NGAYNHAPHOC)
SELECT '88888888', N'Sinh viên', BulkColumn, N'Phạm Thị Hiền', 0, '2003-05-07', 'hienpt015@fpt.edu.com', '0422263443', N'Hà Nội', N'Học đi', 2022, 'PTPM', '2022-09-12'
FROM OPENROWSET(BULK N'D:\Ki_4\Ki_thuat_phan_mem\anh\mess4.png', SINGLE_BLOB) AS img;

INSERT INTO SINHVIEN (MATKHAU, VAITRO, ANH, HOTEN, GIOITINH, NGAYSINH, EMAIL, SDT, DIACHI, TRANGTHAI, NIENKHOA, MACHUYENNGANH, NGAYNHAPHOC)
SELECT '88888888', N'Sinh viên', BulkColumn, N'Phạm Thị Lý', 0, '2000-11-01', 'lypt016@fpt.edu.com', '0378883468', N'Quảng Ninh', N'Học đi', 2022, 'PTPM', '2022-05-12'
FROM OPENROWSET(BULK N'D:\Ki_4\Ki_thuat_phan_mem\anh\mess4.png', SINGLE_BLOB) AS img;

INSERT INTO SINHVIEN (MATKHAU, VAITRO, ANH, HOTEN, GIOITINH, NGAYSINH, EMAIL, SDT, DIACHI, TRANGTHAI, NIENKHOA, MACHUYENNGANH, NGAYNHAPHOC)
SELECT '88888888', N'Sinh viên', BulkColumn, N'Lê Văn Quân', 1, '1999-11-04', 'quanlv017@fpt.edu.com', '0332769874', N'Quảng Ninh', N'Học đi', 2022, 'PTPM', '2022-05-12'
FROM OPENROWSET(BULK N'D:\Ki_4\Ki_thuat_phan_mem\anh\mess4.png', SINGLE_BLOB) AS img;

INSERT INTO SINHVIEN (MATKHAU, VAITRO, ANH, HOTEN, GIOITINH, NGAYSINH, EMAIL, SDT, DIACHI, TRANGTHAI, NIENKHOA, MACHUYENNGANH, NGAYNHAPHOC)
SELECT '88888888', N'Sinh viên', BulkColumn, N'Vi Thu Hiền', 0, '2002-02-01', 'hienvt018@fpt.edu.com', '0388765456', N'Phú Thọ', N'Học đi', 2022, 'PTPM', '2022-09-12'
FROM OPENROWSET(BULK N'D:\Ki_4\Ki_thuat_phan_mem\anh\mess4.png', SINGLE_BLOB) AS img;

INSERT INTO SINHVIEN (MATKHAU, VAITRO, ANH, HOTEN, GIOITINH, NGAYSINH, EMAIL, SDT, DIACHI, TRANGTHAI, NIENKHOA, MACHUYENNGANH, NGAYNHAPHOC)
SELECT '88888888', N'Sinh viên', BulkColumn, N'Đặng Đức Anh', 1, '2003-01-01', 'anhdd019@fpt.edu.com', '0999463464', N'Hà Nội', N'Học đi', 2022, 'PTPM', '2022-05-12'
FROM OPENROWSET(BULK N'D:\Ki_4\Ki_thuat_phan_mem\anh\mess4.png', SINGLE_BLOB) AS img;

INSERT INTO SINHVIEN (MATKHAU, VAITRO, ANH, HOTEN, GIOITINH, NGAYSINH, EMAIL, SDT, DIACHI, TRANGTHAI, NIENKHOA, MACHUYENNGANH, NGAYNHAPHOC)
SELECT '88888888', N'Sinh viên', BulkColumn, N'Nguyễn Việt Hùng', 1, '2001-12-01', 'hungnv020@fpt.edu.com', '0987459568', N'Nam Định', N'Học lại', 2022, 'PTPM', '2022-05-12'
FROM OPENROWSET(BULK N'D:\Ki_4\Ki_thuat_phan_mem\anh\mess4.png', SINGLE_BLOB) AS img;
--
INSERT INTO SINHVIEN (MATKHAU, VAITRO, ANH, HOTEN, GIOITINH, NGAYSINH, EMAIL, SDT, DIACHI, TRANGTHAI, NIENKHOA, MACHUYENNGANH, NGAYNHAPHOC)
SELECT '88888888', N'Sinh viên', BulkColumn, N'Trần Văn Vũ', 1, '2001-09-01', 'vutv021@fpt.edu.com', '0982432343', N'Nghệ An', N'Học lại', 2022, 'PTPM', '2022-05-12'
FROM OPENROWSET(BULK N'D:\Ki_4\Ki_thuat_phan_mem\anh\mess4.png', SINGLE_BLOB) AS img;

INSERT INTO SINHVIEN (MATKHAU, VAITRO, ANH, HOTEN, GIOITINH, NGAYSINH, EMAIL, SDT, DIACHI, TRANGTHAI, NIENKHOA, MACHUYENNGANH, NGAYNHAPHOC)
SELECT '88888888', N'Sinh viên', BulkColumn, N'Trần Thu Hương', 0, '2001-02-01', 'huongtt022@fpt.edu.com', '0926867443', N'Hưng Yên', N'Học đi', 2022, 'PTPM', '2022-09-12'
FROM OPENROWSET(BULK N'D:\Ki_4\Ki_thuat_phan_mem\anh\mess4.png', SINGLE_BLOB) AS img;

INSERT INTO SINHVIEN (MATKHAU, VAITRO, ANH, HOTEN, GIOITINH, NGAYSINH, EMAIL, SDT, DIACHI, TRANGTHAI, NIENKHOA, MACHUYENNGANH, NGAYNHAPHOC)
SELECT '88888888', N'Sinh viên', BulkColumn, N'Trần Thị Thu Trang', 0, '2002-11-01', 'trangttt023@fpt.edu.com', '0982259568', N'Quảng Ninh', N'Học đi', 2022, 'PTPM', '2022-05-12'
FROM OPENROWSET(BULK N'D:\Ki_4\Ki_thuat_phan_mem\anh\mess4.png', SINGLE_BLOB) AS img;

INSERT INTO SINHVIEN (MATKHAU, VAITRO, ANH, HOTEN, GIOITINH, NGAYSINH, EMAIL, SDT, DIACHI, TRANGTHAI, NIENKHOA, MACHUYENNGANH, NGAYNHAPHOC)
SELECT '88888888', N'Sinh viên', BulkColumn, N'Nguyễn Văn Cường', 1, '2001-12-11', 'cuongnv024@fpt.edu.com', '0332432343', N'Hà Nội', N'Học đi', 2022, 'PTPM', '2022-05-12'
FROM OPENROWSET(BULK N'D:\Ki_4\Ki_thuat_phan_mem\anh\mess4.png', SINGLE_BLOB) AS img;

INSERT INTO SINHVIEN (MATKHAU, VAITRO, ANH, HOTEN, GIOITINH, NGAYSINH, EMAIL, SDT, DIACHI, TRANGTHAI, NIENKHOA, MACHUYENNGANH, NGAYNHAPHOC)
SELECT '88888888', N'Sinh viên', BulkColumn, N'Phạm Thị Lan', 0, '2000-05-01', 'lanpt025@fpt.edu.com', '093453443', N'Hà Nội', N'Học đi', 2022, 'PTPM', '2022-09-12'
FROM OPENROWSET(BULK N'D:\Ki_4\Ki_thuat_phan_mem\anh\mess4.png', SINGLE_BLOB) AS img;

INSERT INTO SINHVIEN (MATKHAU, VAITRO, ANH, HOTEN, GIOITINH, NGAYSINH, EMAIL, SDT, DIACHI, TRANGTHAI, NIENKHOA, MACHUYENNGANH, NGAYNHAPHOC)
SELECT '88888888', N'Sinh viên', BulkColumn, N'Nguyễn Đắc Mạnh', 1, '1999-11-01', 'manhnd026@fpt.edu.com', '0375673468', N'Thanh Hóa', N'Học đi', 2022, 'PTPM', '2022-06-12'
FROM OPENROWSET(BULK N'D:\Ki_4\Ki_thuat_phan_mem\anh\mess4.png', SINGLE_BLOB) AS img;

INSERT INTO SINHVIEN (MATKHAU, VAITRO, ANH, HOTEN, GIOITINH, NGAYSINH, EMAIL, SDT, DIACHI, TRANGTHAI, NIENKHOA, MACHUYENNGANH, NGAYNHAPHOC)
SELECT '88888888', N'Sinh viên', BulkColumn, N'Mạc Đăng Bình', 1, '1996-04-04', 'binhmd027@fpt.edu.com', '0332457534', N'Hà Nội', N'Học đi', 2022, 'PTPM', '2022-05-19'
FROM OPENROWSET(BULK N'D:\Ki_4\Ki_thuat_phan_mem\anh\mess4.png', SINGLE_BLOB) AS img;

INSERT INTO SINHVIEN (MATKHAU, VAITRO, ANH, HOTEN, GIOITINH, NGAYSINH, EMAIL, SDT, DIACHI, TRANGTHAI, NIENKHOA, MACHUYENNGANH, NGAYNHAPHOC)
SELECT '88888888', N'Sinh viên', BulkColumn, N'Lý Thu Thảo', 0, '2002-05-01', 'thaolt028@fpt.edu.com', '0947456456', N'Phú Thọ', N'Học đi', 2022, 'PTPM', '2022-09-12'
FROM OPENROWSET(BULK N'D:\Ki_4\Ki_thuat_phan_mem\anh\mess4.png', SINGLE_BLOB) AS img;

INSERT INTO SINHVIEN (MATKHAU, VAITRO, ANH, HOTEN, GIOITINH, NGAYSINH, EMAIL, SDT, DIACHI, TRANGTHAI, NIENKHOA, MACHUYENNGANH, NGAYNHAPHOC)
SELECT '88888888', N'Sinh viên', BulkColumn, N'Diệp Hữu Hưng', 1, '2001-01-01', 'hungdh029@fpt.edu.com', '0333499964', N'Hà Nội', N'Học đi', 2022, 'PTPM', '2022-05-12'
FROM OPENROWSET(BULK N'D:\Ki_4\Ki_thuat_phan_mem\anh\mess4.png', SINGLE_BLOB) AS img;

INSERT INTO SINHVIEN (MATKHAU, VAITRO, ANH, HOTEN, GIOITINH, NGAYSINH, EMAIL, SDT, DIACHI, TRANGTHAI, NIENKHOA, MACHUYENNGANH, NGAYNHAPHOC)
SELECT '88888888', N'Sinh viên', BulkColumn, N'Phạm Tiến Hưng', 1, '2000-01-01', 'hungpt030@fpt.edu.com', '0337873468', N'Nam Định', N'Học lại', 2022, 'PTPM', '2022-05-12'
FROM OPENROWSET(BULK N'D:\Ki_4\Ki_thuat_phan_mem\anh\mess4.png', SINGLE_BLOB) AS img;


SELECT * FROM dbo.PHONGHOC
INSERT INTO PHONGHOC (MAPHONGHOC, TENPHONGHOC, TOANHA) VALUES ('PH01', N'Phòng P301', N'Tòa P')
INSERT INTO PHONGHOC (MAPHONGHOC, TENPHONGHOC, TOANHA) VALUES ('PH02', N'Phòng P302', N'Tòa P')
INSERT INTO PHONGHOC (MAPHONGHOC, TENPHONGHOC, TOANHA) VALUES ('PH03', N'Phòng P303', N'Tòa P')

--
DELETE FROM dbo.LICH
SELECT * FROM dbo.LICH ORDER BY THOIGIAN
INSERT INTO LICH (MASV, MAMONHOC, MALOPHOC, MAPHONGHOC, MAGIANGVIEN, MACHUYENNGANH, NAM, MUA, NGAYHOC, THOIGIAN, LOAILICH)
VALUES ('sv1', 'MH02', 'LH01', 'PH01', 'gv3', 'PTPM', 2023, 'Summer', '2023-06-12', '07:00:00 - 09:00:00', N'Lịch học')
INSERT INTO LICH (MASV, MAMONHOC, MALOPHOC, MAPHONGHOC, MAGIANGVIEN, MACHUYENNGANH, NAM, MUA, NGAYHOC, THOIGIAN, LOAILICH)
VALUES ('sv2', 'MH02', 'LH01', 'PH01', 'gv3', 'PTPM', 2023, 'Summer', '2023-06-12', '07:00:00 - 09:00:00', N'Lịch học')
INSERT INTO LICH (MASV, MAMONHOC, MALOPHOC, MAPHONGHOC, MAGIANGVIEN, MACHUYENNGANH, NAM, MUA, NGAYHOC, THOIGIAN, LOAILICH)
VALUES ('sv3', 'MH02', 'LH01', 'PH01', 'gv3', 'PTPM', 2023, 'Summer', '2023-06-12', '07:00:00 - 09:00:00', N'Lịch học')
INSERT INTO LICH (MASV, MAMONHOC, MALOPHOC, MAPHONGHOC, MAGIANGVIEN, MACHUYENNGANH, NAM, MUA, NGAYHOC, THOIGIAN, LOAILICH)
VALUES ('sv4', 'MH02', 'LH01', 'PH01', 'gv3', 'PTPM', 2023, 'Summer', '2023-06-12', '07:00:00 - 09:00:00', N'Lịch học')
INSERT INTO LICH (MASV, MAMONHOC, MALOPHOC, MAPHONGHOC, MAGIANGVIEN, MACHUYENNGANH, NAM, MUA, NGAYHOC, THOIGIAN, LOAILICH)
VALUES ('sv5', 'MH02', 'LH01', 'PH01', 'gv3', 'PTPM', 2023, 'Summer', '2023-06-12', '07:00:00 - 09:00:00', N'Lịch học')
INSERT INTO LICH (MASV, MAMONHOC, MALOPHOC, MAPHONGHOC, MAGIANGVIEN, MACHUYENNGANH, NAM, MUA, NGAYHOC, THOIGIAN, LOAILICH)
VALUES ('sv6', 'MH02', 'LH01', 'PH01', 'gv3', 'PTPM', 2023, 'Summer', '2023-06-12', '07:00:00 - 09:00:00', N'Lịch học')
INSERT INTO LICH (MASV, MAMONHOC, MALOPHOC, MAPHONGHOC, MAGIANGVIEN, MACHUYENNGANH, NAM, MUA, NGAYHOC, THOIGIAN, LOAILICH)
VALUES ('sv7', 'MH02', 'LH01', 'PH01', 'gv3', 'PTPM', 2023, 'Summer', '2023-06-12', '07:00:00 - 09:00:00', N'Lịch học')
INSERT INTO LICH (MASV, MAMONHOC, MALOPHOC, MAPHONGHOC, MAGIANGVIEN, MACHUYENNGANH, NAM, MUA, NGAYHOC, THOIGIAN, LOAILICH)
VALUES ('sv8', 'MH02', 'LH01', 'PH01', 'gv3', 'PTPM', 2023, 'Summer', '2023-06-12', '07:00:00 - 09:00:00', N'Lịch học')
INSERT INTO LICH (MASV, MAMONHOC, MALOPHOC, MAPHONGHOC, MAGIANGVIEN, MACHUYENNGANH, NAM, MUA, NGAYHOC, THOIGIAN, LOAILICH)
VALUES ('sv9', 'MH02', 'LH01', 'PH01', 'gv3', 'PTPM', 2023, 'Summer', '2023-06-12', '07:00:00 - 09:00:00', N'Lịch học')
INSERT INTO LICH (MASV, MAMONHOC, MALOPHOC, MAPHONGHOC, MAGIANGVIEN, MACHUYENNGANH, NAM, MUA, NGAYHOC, THOIGIAN, LOAILICH)
VALUES ('sv10', 'MH02', 'LH01', 'PH01', 'gv3', 'PTPM', 2023, 'Summer', '2023-06-12', '07:00:00 - 09:00:00', N'Lịch học')
INSERT INTO LICH (MASV, MAMONHOC, MALOPHOC, MAPHONGHOC, MAGIANGVIEN, MACHUYENNGANH, NAM, MUA, NGAYHOC, THOIGIAN, LOAILICH)
VALUES ('sv11', 'MH02', 'LH01', 'PH01', 'gv3', 'PTPM', 2023, 'Summer', '2023-06-12', '07:00:00 - 09:00:00', N'Lịch học')
INSERT INTO LICH (MASV, MAMONHOC, MALOPHOC, MAPHONGHOC, MAGIANGVIEN, MACHUYENNGANH, NAM, MUA, NGAYHOC, THOIGIAN, LOAILICH)
VALUES ('sv12', 'MH02', 'LH01', 'PH01', 'gv3', 'PTPM', 2023, 'Summer', '2023-06-12', '07:00:00 - 09:00:00', N'Lịch học')
INSERT INTO LICH (MASV, MAMONHOC, MALOPHOC, MAPHONGHOC, MAGIANGVIEN, MACHUYENNGANH, NAM, MUA, NGAYHOC, THOIGIAN, LOAILICH)
VALUES ('sv13', 'MH02', 'LH01', 'PH01', 'gv3', 'PTPM', 2023, 'Summer', '2023-06-12', '07:00:00 - 09:00:00', N'Lịch học')
INSERT INTO LICH (MASV, MAMONHOC, MALOPHOC, MAPHONGHOC, MAGIANGVIEN, MACHUYENNGANH, NAM, MUA, NGAYHOC, THOIGIAN, LOAILICH)
VALUES ('sv14', 'MH02', 'LH01', 'PH01', 'gv3', 'PTPM', 2023, 'Summer', '2023-06-12', '07:00:00 - 09:00:00', N'Lịch học')
INSERT INTO LICH (MASV, MAMONHOC, MALOPHOC, MAPHONGHOC, MAGIANGVIEN, MACHUYENNGANH, NAM, MUA, NGAYHOC, THOIGIAN, LOAILICH)
VALUES ('sv15', 'MH02', 'LH01', 'PH01', 'gv3', 'PTPM', 2023, 'Summer', '2023-06-12', '07:00:00 - 09:00:00', N'Lịch học')
INSERT INTO LICH (MASV, MAMONHOC, MALOPHOC, MAPHONGHOC, MAGIANGVIEN, MACHUYENNGANH, NAM, MUA, NGAYHOC, THOIGIAN, LOAILICH)
VALUES ('sv16', 'MH02', 'LH01', 'PH01', 'gv3', 'PTPM', 2023, 'Summer', '2023-06-12', '07:00:00 - 09:00:00', N'Lịch học')
--
INSERT INTO LICH (MASV, MAMONHOC, MALOPHOC, MAPHONGHOC, MAGIANGVIEN, MACHUYENNGANH, NAM, MUA, NGAYHOC, THOIGIAN, LOAILICH)
VALUES ('sv17', 'MH01', 'LH02', 'PH02', 'gv1', 'PTPM', 2023, 'Summer', '2023-06-12', '09:10:00 - 11:10:00', N'Lịch học')
INSERT INTO LICH (MASV, MAMONHOC, MALOPHOC, MAPHONGHOC, MAGIANGVIEN, MACHUYENNGANH, NAM, MUA, NGAYHOC, THOIGIAN, LOAILICH)
VALUES ('sv18', 'MH01', 'LH02', 'PH02', 'gv1', 'PTPM', 2023, 'Summer', '2023-06-12', '09:10:00 - 11:10:00', N'Lịch học')
INSERT INTO LICH (MASV, MAMONHOC, MALOPHOC, MAPHONGHOC, MAGIANGVIEN, MACHUYENNGANH, NAM, MUA, NGAYHOC, THOIGIAN, LOAILICH)
VALUES ('sv19', 'MH01', 'LH02', 'PH02', 'gv1', 'PTPM', 2023, 'Summer', '2023-06-12', '09:10:00 - 11:10:00', N'Lịch học')
INSERT INTO LICH (MASV, MAMONHOC, MALOPHOC, MAPHONGHOC, MAGIANGVIEN, MACHUYENNGANH, NAM, MUA, NGAYHOC, THOIGIAN, LOAILICH)
VALUES ('sv20', 'MH01', 'LH02', 'PH02', 'gv1', 'PTPM', 2023, 'Summer', '2023-06-12', '09:10:00 - 11:10:00', N'Lịch học')
INSERT INTO LICH (MASV, MAMONHOC, MALOPHOC, MAPHONGHOC, MAGIANGVIEN, MACHUYENNGANH, NAM, MUA, NGAYHOC, THOIGIAN, LOAILICH)
VALUES ('sv21', 'MH01', 'LH02', 'PH02', 'gv1', 'PTPM', 2023, 'Summer', '2023-06-12', '09:10:00 - 11:10:00', N'Lịch học')
INSERT INTO LICH (MASV, MAMONHOC, MALOPHOC, MAPHONGHOC, MAGIANGVIEN, MACHUYENNGANH, NAM, MUA, NGAYHOC, THOIGIAN, LOAILICH)
VALUES ('sv22', 'MH01', 'LH02', 'PH02', 'gv1', 'PTPM', 2023, 'Summer', '2023-06-12', '09:10:00 - 11:10:00', N'Lịch học')
INSERT INTO LICH (MASV, MAMONHOC, MALOPHOC, MAPHONGHOC, MAGIANGVIEN, MACHUYENNGANH, NAM, MUA, NGAYHOC, THOIGIAN, LOAILICH)
VALUES ('sv23', 'MH01', 'LH02', 'PH02', 'gv1', 'PTPM', 2023, 'Summer', '2023-06-12', '09:10:00 - 11:10:00', N'Lịch học')
INSERT INTO LICH (MASV, MAMONHOC, MALOPHOC, MAPHONGHOC, MAGIANGVIEN, MACHUYENNGANH, NAM, MUA, NGAYHOC, THOIGIAN, LOAILICH)
VALUES ('sv24', 'MH01', 'LH02', 'PH02', 'gv1', 'PTPM', 2023, 'Summer', '2023-06-12', '09:10:00 - 11:10:00', N'Lịch học')
INSERT INTO LICH (MASV, MAMONHOC, MALOPHOC, MAPHONGHOC, MAGIANGVIEN, MACHUYENNGANH, NAM, MUA, NGAYHOC, THOIGIAN, LOAILICH)
VALUES ('sv25', 'MH01', 'LH02', 'PH02', 'gv1', 'PTPM', 2023, 'Summer', '2023-06-12', '09:10:00 - 11:10:00', N'Lịch học')
INSERT INTO LICH (MASV, MAMONHOC, MALOPHOC, MAPHONGHOC, MAGIANGVIEN, MACHUYENNGANH, NAM, MUA, NGAYHOC, THOIGIAN, LOAILICH)
VALUES ('sv26', 'MH01', 'LH02', 'PH02', 'gv1', 'PTPM', 2023, 'Summer', '2023-06-12', '09:10:00 - 11:10:00', N'Lịch học')
INSERT INTO LICH (MASV, MAMONHOC, MALOPHOC, MAPHONGHOC, MAGIANGVIEN, MACHUYENNGANH, NAM, MUA, NGAYHOC, THOIGIAN, LOAILICH)
VALUES ('sv27', 'MH01', 'LH02', 'PH02', 'gv1', 'PTPM', 2023, 'Summer', '2023-06-12', '09:10:00 - 11:10:00', N'Lịch học')
INSERT INTO LICH (MASV, MAMONHOC, MALOPHOC, MAPHONGHOC, MAGIANGVIEN, MACHUYENNGANH, NAM, MUA, NGAYHOC, THOIGIAN, LOAILICH)
VALUES ('sv28', 'MH01', 'LH02', 'PH02', 'gv1', 'PTPM', 2023, 'Summer', '2023-06-12', '09:10:00 - 11:10:00', N'Lịch học')
INSERT INTO LICH (MASV, MAMONHOC, MALOPHOC, MAPHONGHOC, MAGIANGVIEN, MACHUYENNGANH, NAM, MUA, NGAYHOC, THOIGIAN, LOAILICH)
VALUES ('sv29', 'MH01', 'LH02', 'PH02', 'gv1', 'PTPM', 2023, 'Summer', '2023-06-12', '09:10:00 - 11:10:00', N'Lịch học')
INSERT INTO LICH (MASV, MAMONHOC, MALOPHOC, MAPHONGHOC, MAGIANGVIEN, MACHUYENNGANH, NAM, MUA, NGAYHOC, THOIGIAN, LOAILICH)
VALUES ('sv30', 'MH01', 'LH02', 'PH02', 'gv1', 'PTPM', 2023, 'Summer', '2023-06-12', '09:10:00 - 11:10:00', N'Lịch học')

--
SELECT * FROM dbo.VIHOCPHI
INSERT INTO VIHOCPHI (MAVI, MASV, SODUHOCPHI) VALUES (NEWID(), 'sv1', 10000)
INSERT INTO VIHOCPHI (MAVI, MASV, SODUHOCPHI) VALUES (NEWID(), 'sv2', 5000)
INSERT INTO VIHOCPHI (MAVI, MASV, SODUHOCPHI) VALUES (NEWID(), 'sv3', 100000)

--
SELECT * FROM dbo.HOADON
INSERT INTO HOADON (MAVI, MASV, SOTIEN, NGAYGD, GIOGD, CHUTHICH)
VALUES ('5121C8D5-4246-4754-9172-0165FC7C1301', 'sv1', 300000, '2023-05-05', '09:00:00', 'Tốt')

--
SELECT * FROM dbo.DIEMTHANHPHAN
INSERT INTO DIEMTHANHPHAN (MASV, MAMONHOC, MACHUYENNGANH, MALOPHOC, NAM, MUA, LAB1, LAB2, LAB3, LAB4, ASSIGNMENT, DIEMTHI)
VALUES ('sv1', 'MH01', 'PTPM', 'LH01', 2023, 'Summer', 8.5, 7, 9, 8, 8.5, 9)

--
SELECT * FROM dbo.DICHVU
INSERT INTO DICHVU (MADV, TENDV, PHONGBANPHUTRACH, MOTA)
VALUES ('DV01', N'Đăng kí thi lại', N'Phòng đào tạo', N'Muốn đăng kí thi lại môn Java 2')


----------------------------------
